Date,Exercise,Reps,Weight(kg),Duration(s),Distance(m),Incline,Resistance,isWarmup,Note,multiplier
2026-04-12 16:02:24 +0000,Walking - Treadmill, 0,0.0,1500.0,2381.82912,6.3,0.0,false,, 0.0
2026-04-12 16:02:24 +0000,Machine Shoulder Press, 10,15.87575183024739,0.0,0.0,0.0,0.0,false,, 1.0
2026-04-12 16:02:24 +0000,Machine Shoulder Press, 10,18.14371637742559,0.0,0.0,0.0,0.0,false,, 1.0
2026-04-12 16:02:24 +0000,Machine Shoulder Press, 11,20.41168092460379,0.0,0.0,0.0,0.0,false,, 1.0
2026-04-12 16:02:24 +0000,Machine Shoulder Press, 10,20.41168092460379,0.0,0.0,0.0,0.0,false,, 1.0
2026-04-12 16:02:24 +0000,Lat Pulldown, 8,38.55539730202938,0.0,0.0,0.0,0.0,false,, 1.0
2026-04-12 16:02:24 +0000,Lat Pulldown, 8,38.55539730202938,0.0,0.0,0.0,0.0,false,, 1.0
2026-04-12 16:02:24 +0000,Lat Pulldown, 8,38.55539730202938,0.0,0.0,0.0,0.0,false,, 1.0
2026-04-12 16:02:24 +0000,Lat Pulldown, 8,38.55539730202938,0.0,0.0,0.0,0.0,false,, 1.0
2026-04-12 16:02:24 +0000,Machine Tricep Dip, 8,36.28743275485118,0.0,0.0,0.0,0.0,false,, 1.0
2026-04-12 16:02:24 +0000,Machine Tricep Dip, 8,43.091326396385774,0.0,0.0,0.0,0.0,false,, 1.0
2026-04-12 16:02:24 +0000,Machine Tricep Dip, 6,52.16318458509857,0.0,0.0,0.0,0.0,false,, 1.0
2026-04-10 18:02:38 +0000,Walking - Treadmill, 0,0.0,1500.0,2397.92256,6.1,0.0,false,, 0.0
2026-04-10 18:02:38 +0000,Machine Leg Press, 8,99.79032148368323,0.0,0.0,0.0,0.0,false,, 1.0
2026-04-10 18:02:38 +0000,Machine Leg Press, 8,99.79032148368323,0.0,0.0,0.0,0.0,false,, 1.0
2026-04-10 18:02:38 +0000,Machine Leg Press, 8,99.79032148368323,0.0,0.0,0.0,0.0,false,, 1.0
2026-04-10 18:02:38 +0000,Calf Raise, 17,0.0,0.0,0.0,0.0,0.0,false,, 1.0
2026-04-10 18:02:38 +0000,Calf Raise, 17,0.0,0.0,0.0,0.0,0.0,false,, 1.0
2026-04-10 18:02:38 +0000,Calf Raise, 17,0.0,0.0,0.0,0.0,0.0,false,, 1.0
2026-04-10 18:02:38 +0000,Calf Raise, 17,0.0,0.0,0.0,0.0,0.0,false,, 1.0
2026-04-10 18:02:38 +0000,Calf Raise, 17,0.0,0.0,0.0,0.0,0.0,false,, 1.0
2026-04-10 18:02:38 +0000,Machine Hip Adductor, 8,72.57486550970236,0.0,0.0,0.0,0.0,false,, 1.0
2026-04-10 18:02:38 +0000,Machine Hip Adductor, 8,72.57486550970236,0.0,0.0,0.0,0.0,false,, 1.0
2026-04-10 18:02:38 +0000,Machine Hip Adductor, 8,72.57486550970236,0.0,0.0,0.0,0.0,false,, 1.0
2026-04-10 18:02:38 +0000,Machine Hip Abductor, 8,65.77097186816776,0.0,0.0,0.0,0.0,false,, 1.0
2026-04-10 18:02:38 +0000,Machine Hip Abductor, 8,65.77097186816776,0.0,0.0,0.0,0.0,false,, 1.0
2026-04-10 18:02:38 +0000,Machine Hip Abductor, 8,65.77097186816776,0.0,0.0,0.0,0.0,false,, 1.0
2026-04-10 18:02:38 +0000,Seated Back Extension, 10,79.37875915123695,0.0,0.0,0.0,0.0,false,, 1.0
2026-04-10 18:02:38 +0000,Seated Back Extension, 10,79.37875915123695,0.0,0.0,0.0,0.0,false,, 1.0
2026-04-10 18:02:38 +0000,Seated Back Extension, 10,79.37875915123695,0.0,0.0,0.0,0.0,false,, 1.0
2026-04-09 11:02:59 +0000,Walking - Treadmill, 0,0.0,1500.0,2301.36192,5.5,0.0,false,, 0.0
2026-04-09 11:02:59 +0000,Machine Bench Press, 8,27.215574566138386,0.0,0.0,0.0,0.0,false,, 1.0
2026-04-09 11:02:59 +0000,Machine Bench Press, 8,27.215574566138386,0.0,0.0,0.0,0.0,false,, 1.0
2026-04-09 11:02:59 +0000,Machine Bench Press, 8,27.215574566138386,0.0,0.0,0.0,0.0,false,, 1.0
2026-04-09 11:02:59 +0000,Machine Bench Press, 8,27.215574566138386,0.0,0.0,0.0,0.0,false,, 1.0
2026-04-09 11:02:59 +0000,Machine Shoulder Press, 10,20.41168092460379,0.0,0.0,0.0,0.0,false,, 1.0
2026-04-09 11:02:59 +0000,Machine Shoulder Press, 10,20.41168092460379,0.0,0.0,0.0,0.0,false,, 1.0
2026-04-09 11:02:59 +0000,Machine Shoulder Press, 10,20.41168092460379,0.0,0.0,0.0,0.0,false,, 1.0
2026-04-09 11:02:59 +0000,Lat Pulldown, 10,38.55539730202938,0.0,0.0,0.0,0.0,false,, 1.0
2026-04-09 11:02:59 +0000,Lat Pulldown, 10,38.55539730202938,0.0,0.0,0.0,0.0,false,, 1.0
2026-04-09 11:02:59 +0000,Lat Pulldown, 10,38.55539730202938,0.0,0.0,0.0,0.0,false,, 1.0
2026-04-09 11:02:59 +0000,Machine Tricep Dip, 8,52.16318458509857,0.0,0.0,0.0,0.0,false,, 1.0
2026-04-09 11:02:59 +0000,Machine Tricep Dip, 8,49.895160741841615,0.0,0.0,0.0,0.0,false,, 1.0
2026-04-09 11:02:59 +0000,Machine Tricep Dip, 8,49.895160741841615,0.0,0.0,0.0,0.0,false,, 1.0
2026-04-08 10:53:22 +0000,Walking - Treadmill, 0,0.0,1500.0,2253.0816,5.8,0.0,false,, 0.0
2026-04-08 10:53:22 +0000,Machine Hip Abductor, 8,63.50300732098956,0.0,0.0,0.0,0.0,false,, 1.0
2026-04-08 10:53:22 +0000,Machine Hip Abductor, 8,63.50300732098956,0.0,0.0,0.0,0.0,false,, 1.0
2026-04-08 10:53:22 +0000,Machine Hip Abductor, 8,63.50300732098956,0.0,0.0,0.0,0.0,false,, 1.0
2026-04-08 10:53:22 +0000,Machine Hip Adductor, 8,72.57486550970236,0.0,0.0,0.0,0.0,false,, 1.0
2026-04-07 11:16:11 +0000,Walking - Treadmill, 0,0.0,1500.0,2349.64224,5.3,0.0,false,, 0.0
2026-04-07 11:16:11 +0000,Machine Hip Adductor, 10,68.03893641534596,0.0,0.0,0.0,0.0,false,, 1.0
2026-04-07 11:16:11 +0000,Machine Hip Adductor, 10,68.03885555705675,0.0,0.0,0.0,0.0,false,, 1.0
2026-04-07 11:16:11 +0000,Machine Hip Adductor, 10,68.03885555705675,0.0,0.0,0.0,0.0,false,, 1.0
2026-04-07 11:16:11 +0000,Machine Hip Abductor, 10,58.96707822663317,0.0,0.0,0.0,0.0,false,, 1.0
2026-04-07 11:16:11 +0000,Machine Hip Abductor, 10,58.96707822663317,0.0,0.0,0.0,0.0,false,, 1.0
2026-04-07 11:16:11 +0000,Machine Hip Abductor, 10,58.96707822663317,0.0,0.0,0.0,0.0,false,, 1.0
2026-04-07 11:16:11 +0000,Calf Raise, 18,0.0,0.0,0.0,0.0,0.0,false,, 1.0
2026-04-07 11:16:11 +0000,Calf Raise, 18,0.0,0.0,0.0,0.0,0.0,false,, 1.0
2026-04-07 11:16:11 +0000,Calf Raise, 18,0.0,0.0,0.0,0.0,0.0,false,, 1.0
2026-04-06 11:18:09 +0000,Walking - Treadmill, 0,0.0,1500.0,2253.0816,7.0,0.0,false,, 0.0
2026-04-06 11:18:09 +0000,Lat Pulldown, 8,27.215574566138386,0.0,0.0,0.0,0.0,false,, 1.0
2026-04-06 11:18:09 +0000,Lat Pulldown, 8,31.75150366049478,0.0,0.0,0.0,0.0,false,, 1.0
2026-04-06 11:18:09 +0000,Lat Pulldown, 12,38.55539730202938,0.0,0.0,0.0,0.0,false,, 1.0
2026-04-06 11:18:09 +0000,Lat Pulldown, 12,38.55539730202938,0.0,0.0,0.0,0.0,false,, 1.0
2026-04-06 11:18:09 +0000,Machine Bench Press, 8,24.947580370920807,0.0,0.0,0.0,0.0,false,, 1.0
2026-04-06 11:18:09 +0000,Machine Bench Press, 8,24.947580370920807,0.0,0.0,0.0,0.0,false,, 1.0
2026-04-06 11:18:09 +0000,Machine Bench Press, 8,24.947580370920807,0.0,0.0,0.0,0.0,false,, 1.0
2026-04-06 11:18:09 +0000,Machine Bench Press, 8,24.947580370920807,0.0,0.0,0.0,0.0,false,, 1.0
2026-04-06 11:18:09 +0000,Machine Tricep Dip, 10,49.895220037920375,0.0,0.0,0.0,0.0,false,, 1.0
2026-04-06 11:18:09 +0000,Machine Tricep Dip, 7,49.895220037920375,0.0,0.0,0.0,0.0,false,, 1.0
2026-04-04 20:36:10 +0000,Walking - Treadmill, 0,0.0,1500.0,2365.7356800000002,6.8,0.0,false,, 0.0
2026-04-04 20:36:10 +0000,Machine Hip Adductor, 10,61.235042773811365,0.0,0.0,0.0,0.0,false,, 1.0
2026-04-04 20:36:10 +0000,Machine Hip Adductor, 10,61.235042773811365,0.0,0.0,0.0,0.0,false,, 1.0
2026-04-04 20:36:10 +0000,Machine Hip Adductor, 10,61.235042773811365,0.0,0.0,0.0,0.0,false,, 1.0
2026-04-04 20:36:10 +0000,Machine Hip Adductor, 10,61.235042773811365,0.0,0.0,0.0,0.0,false,, 1.0
2026-04-04 20:36:10 +0000,Machine Hip Abductor, 10,54.43114913227677,0.0,0.0,0.0,0.0,false,, 1.0
2026-04-04 20:36:10 +0000,Machine Hip Abductor, 10,54.43114913227677,0.0,0.0,0.0,0.0,false,, 1.0
2026-04-04 20:36:10 +0000,Machine Hip Abductor, 10,54.43114913227677,0.0,0.0,0.0,0.0,false,, 1.0
2026-04-04 20:36:10 +0000,Seated Back Extension, 10,54.43114913227677,0.0,0.0,0.0,0.0,false,, 1.0
2026-04-04 20:36:10 +0000,Seated Back Extension, 10,65.77097186816776,0.0,0.0,0.0,0.0,false,, 1.0
2026-04-04 20:36:10 +0000,Seated Back Extension, 13,77.11079460405875,0.0,0.0,0.0,0.0,false,, 1.0
2026-04-04 20:36:10 +0000,Seated Back Extension, 13,77.11079460405875,0.0,0.0,0.0,0.0,false,, 1.0
2026-04-03 11:15:39 +0000,Walking - Treadmill, 0,0.0,1500.0,2414.016,6.0,0.0,false,, 0.0
2026-04-03 11:15:39 +0000,Machine Shoulder Press, 8,13.607787283069193,0.0,0.0,0.0,0.0,false,, 1.0
2026-04-03 11:15:39 +0000,Machine Shoulder Press, 8,15.87575183024739,0.0,0.0,0.0,0.0,false,, 1.0
2026-04-03 11:15:39 +0000,Machine Shoulder Press, 10,20.41168092460379,0.0,0.0,0.0,0.0,false,, 1.0
2026-04-03 11:15:39 +0000,Machine Shoulder Press, 10,20.41168092460379,0.0,0.0,0.0,0.0,false,, 1.0
2026-04-03 11:15:39 +0000,Lat Pulldown, 10,36.28743275485118,0.0,0.0,0.0,0.0,false,, 1.0
2026-04-03 11:15:39 +0000,Lat Pulldown, 10,36.28743275485118,0.0,0.0,0.0,0.0,false,, 1.0
2026-04-03 11:15:39 +0000,Lat Pulldown, 10,36.28743275485118,0.0,0.0,0.0,0.0,false,, 1.0
2026-04-03 11:15:39 +0000,Machine Bench Press, 10,24.947610018960187,0.0,0.0,0.0,0.0,false,, 1.0
2026-04-03 11:15:39 +0000,Machine Bench Press, 10,24.947610018960187,0.0,0.0,0.0,0.0,false,, 1.0
2026-04-03 11:15:39 +0000,Machine Bench Press, 10,24.947610018960187,0.0,0.0,0.0,0.0,false,, 1.0
2026-04-03 11:15:39 +0000,Machine Bench Press, 7,24.947610018960187,0.0,0.0,0.0,0.0,false,, 1.0
2026-04-03 11:15:39 +0000,Machine Row, 8,45.35929094356398,0.0,0.0,0.0,0.0,false,, 1.0
2026-04-03 11:15:39 +0000,Machine Row, 8,45.35929094356398,0.0,0.0,0.0,0.0,false,, 1.0
2026-04-03 11:15:39 +0000,Machine Row, 8,45.35929094356398,0.0,0.0,0.0,0.0,false,, 1.0
2026-04-03 11:15:39 +0000,Machine Tricep Dip, 8,36.28743275485118,0.0,0.0,0.0,0.0,false,, 1.0
2026-04-03 11:15:39 +0000,Machine Tricep Dip, 8,45.35923703803783,0.0,0.0,0.0,0.0,false,, 1.0
2026-04-03 11:15:39 +0000,Machine Tricep Dip, 8,43.09127518613594,0.0,0.0,0.0,0.0,false,, 1.0
2026-04-03 11:15:39 +0000,Machine Tricep Dip, 7,43.09127518613594,0.0,0.0,0.0,0.0,false,, 1.0
2026-04-02 11:16:22 +0000,Walking - Treadmill, 0,0.0,1500.0,2285.26848,5.5,0.0,false,, 0.0
2026-04-02 11:16:22 +0000,Machine Leg Press, 10,90.71858188712795,0.0,0.0,0.0,0.0,false,, 1.0
2026-04-02 11:16:22 +0000,Machine Leg Press, 10,90.71858188712795,0.0,0.0,0.0,0.0,false,, 1.0
2026-04-02 11:16:22 +0000,Machine Leg Press, 10,90.71858188712795,0.0,0.0,0.0,0.0,false,, 1.0
2026-04-02 11:16:22 +0000,Machine Hip Adductor, 9,58.96707822663317,0.0,0.0,0.0,0.0,false,, 1.0
2026-04-02 11:16:22 +0000,Machine Hip Adductor, 9,58.96707822663317,0.0,0.0,0.0,0.0,false,, 1.0
2026-04-02 11:16:22 +0000,Machine Hip Adductor, 9,58.96707822663317,0.0,0.0,0.0,0.0,false,, 1.0
2026-04-02 11:16:22 +0000,Machine Hip Adductor, 9,58.96707822663317,0.0,0.0,0.0,0.0,false,, 1.0
2026-04-02 11:16:22 +0000,Machine Hip Abductor, 8,52.16318458509857,0.0,0.0,0.0,0.0,false,, 1.0
2026-04-02 11:16:22 +0000,Machine Hip Abductor, 8,52.16318458509857,0.0,0.0,0.0,0.0,false,, 1.0
2026-04-02 11:16:22 +0000,Machine Hip Abductor, 8,52.16318458509857,0.0,0.0,0.0,0.0,false,, 1.0
2026-04-02 11:16:22 +0000,Machine Hip Abductor, 8,52.16318458509857,0.0,0.0,0.0,0.0,false,, 1.0
2026-03-30 11:08:36 +0000,Walking - Treadmill, 0,0.0,1500.0,2317.45536,4.0,0.0,false,, 0.0
2026-03-30 11:08:36 +0000,Machine Bicep Curl, 10,22.67964547178199,0.0,0.0,0.0,0.0,false,, 1.0
2026-03-30 11:08:36 +0000,Machine Bicep Curl, 10,22.67964547178199,0.0,0.0,0.0,0.0,false,, 1.0
2026-03-30 11:08:36 +0000,Machine Bicep Curl, 10,22.67964547178199,0.0,0.0,0.0,0.0,false,, 1.0
2026-03-30 11:08:36 +0000,Lat Pulldown, 11,34.01946820767298,0.0,0.0,0.0,0.0,false,, 1.0
2026-03-30 11:08:36 +0000,Lat Pulldown, 11,34.01946820767298,0.0,0.0,0.0,0.0,false,, 1.0
2026-03-30 11:08:36 +0000,Lat Pulldown, 11,34.01946820767298,0.0,0.0,0.0,0.0,false,, 1.0
2026-03-30 11:08:36 +0000,Lat Pulldown, 11,34.01946820767298,0.0,0.0,0.0,0.0,false,, 1.0
2026-03-30 11:08:36 +0000,Machine Tricep Dip, 9,47.62725549074217,0.0,0.0,0.0,0.0,false,, 1.0
2026-03-30 11:08:36 +0000,Machine Tricep Dip, 9,47.62725549074217,0.0,0.0,0.0,0.0,false,, 1.0
2026-03-30 11:08:36 +0000,Machine Tricep Dip, 9,47.62725549074217,0.0,0.0,0.0,0.0,false,, 1.0
2026-03-30 11:08:36 +0000,Machine Tricep Dip, 6,47.62725549074217,0.0,0.0,0.0,0.0,false,, 1.0
2026-03-27 11:12:38 +0000,Walking - Treadmill, 0,0.0,1560.0,2236.98816,4.0,0.0,false,, 0.0
2026-03-27 11:12:38 +0000,Machine Leg Press, 8,90.71847407607567,0.0,0.0,0.0,0.0,false,, 1.0
2026-03-27 11:12:38 +0000,Machine Leg Press, 8,90.71847407607567,0.0,0.0,0.0,0.0,false,, 1.0
2026-03-27 11:12:38 +0000,Machine Leg Press, 8,90.71847407607567,0.0,0.0,0.0,0.0,false,, 1.0
2026-03-27 11:12:38 +0000,Machine Hip Adductor, 10,56.69911367945497,0.0,0.0,0.0,0.0,false,, 1.0
2026-03-27 11:12:38 +0000,Machine Hip Adductor, 10,56.69911367945497,0.0,0.0,0.0,0.0,false,, 1.0
2026-03-27 11:12:38 +0000,Machine Hip Adductor, 10,56.69911367945497,0.0,0.0,0.0,0.0,false,, 1.0
2026-03-27 11:12:38 +0000,Machine Hip Abductor, 12,45.35923703803783,0.0,0.0,0.0,0.0,false,, 1.0
2026-03-27 11:12:38 +0000,Machine Hip Abductor, 12,45.35923703803783,0.0,0.0,0.0,0.0,false,, 1.0
2026-03-27 11:12:38 +0000,Machine Hip Abductor, 12,45.35923703803783,0.0,0.0,0.0,0.0,false,, 1.0
2026-03-27 11:12:38 +0000,Seated Back Extension, 10,72.57477926086054,0.0,0.0,0.0,0.0,false,, 1.0
2026-03-27 11:12:38 +0000,Seated Back Extension, 10,72.57477926086054,0.0,0.0,0.0,0.0,false,, 1.0
2026-03-27 11:12:38 +0000,Seated Back Extension, 10,72.57477926086054,0.0,0.0,0.0,0.0,false,, 1.0
2026-03-26 10:52:29 +0000,Walking - Treadmill, 0,0.0,1500.0,2269.17504,4.6,0.0,false,, 0.0
2026-03-26 10:52:29 +0000,Lat Pulldown, 8,24.947610018960187,0.0,0.0,0.0,0.0,false,, 1.0
2026-03-26 10:52:29 +0000,Lat Pulldown, 8,29.483539113316585,0.0,0.0,0.0,0.0,false,, 1.0
2026-03-26 10:52:29 +0000,Lat Pulldown, 12,36.28743275485118,0.0,0.0,0.0,0.0,false,, 1.0
2026-03-26 10:52:29 +0000,Lat Pulldown, 15,36.28743275485118,0.0,0.0,0.0,0.0,false,, 1.0
2026-03-26 10:52:29 +0000,Machine Tricep Dip, 8,47.62725549074217,0.0,0.0,0.0,0.0,false,, 1.0
2026-03-26 10:52:29 +0000,Machine Tricep Dip, 8,47.62725549074217,0.0,0.0,0.0,0.0,false,, 1.0
2026-03-26 10:52:29 +0000,Machine Tricep Dip, 8,47.62725549074217,0.0,0.0,0.0,0.0,false,, 1.0
2026-03-26 10:52:29 +0000,Machine Bench Press, 8,24.947610018960187,0.0,0.0,0.0,0.0,false,, 1.0
2026-03-26 10:52:29 +0000,Machine Bench Press, 8,24.947610018960187,0.0,0.0,0.0,0.0,false,, 1.0
2026-03-26 10:52:29 +0000,Machine Bench Press, 6,24.947610018960187,0.0,0.0,0.0,0.0,false,, 1.0
2026-03-26 10:52:29 +0000,Machine Row, 10,40.82336184920758,0.0,0.0,0.0,0.0,false,, 1.0
2026-03-26 10:52:29 +0000,Machine Row, 10,40.82336184920758,0.0,0.0,0.0,0.0,false,, 1.0
2026-03-26 10:52:29 +0000,Machine Row, 10,45.35923703803783,0.0,0.0,0.0,0.0,false,, 1.0
2026-03-25 10:56:41 +0000,Walking - Treadmill, 0,0.0,1440.0,2188.70784,6.0,0.0,false,, 0.0
2026-03-25 10:56:41 +0000,Machine Hip Adductor, 8,56.69911367945497,0.0,0.0,0.0,0.0,false,, 1.0
2026-03-25 10:56:41 +0000,Machine Hip Adductor, 8,56.69911367945497,0.0,0.0,0.0,0.0,false,, 1.0
2026-03-25 10:56:41 +0000,Machine Hip Adductor, 8,56.69911367945497,0.0,0.0,0.0,0.0,false,, 1.0
2026-03-25 10:56:41 +0000,Seated Back Extension, 8,79.37875915123695,0.0,0.0,0.0,0.0,false,, 1.0
2026-03-25 10:56:41 +0000,Seated Back Extension, 8,79.37875915123695,0.0,0.0,0.0,0.0,false,, 1.0
2026-03-25 10:56:41 +0000,Machine Leg Press, 8,90.71847407607567,0.0,0.0,0.0,0.0,false,, 1.0
2026-03-25 10:56:41 +0000,Machine Leg Press, 8,90.71847407607567,0.0,0.0,0.0,0.0,false,, 1.0
2026-03-25 10:56:41 +0000,Machine Leg Press, 8,90.71847407607567,0.0,0.0,0.0,0.0,false,, 1.0
2026-03-25 10:56:41 +0000,Machine Hip Abductor, 8,34.01946820767298,0.0,0.0,0.0,0.0,false,, 1.0
2026-03-25 10:56:41 +0000,Machine Hip Abductor, 8,43.091326396385774,0.0,0.0,0.0,0.0,false,, 1.0
2026-03-25 10:56:41 +0000,Machine Hip Abductor, 12,49.895220037920375,0.0,0.0,0.0,0.0,false,, 1.0
2026-03-25 10:56:41 +0000,Machine Hip Abductor, 12,49.895220037920375,0.0,0.0,0.0,0.0,false,, 1.0
2026-03-24 11:13:21 +0000,Walking - Treadmill, 0,0.0,300.0,402.336,6.5,0.0,false,, 0.0
2026-03-24 11:13:21 +0000,Walking - Treadmill, 0,0.0,1080.0,1866.8390399999998,6.0,0.0,false,, 0.0
2026-03-24 11:13:21 +0000,Lat Pulldown, 9,34.01946820767298,0.0,0.0,0.0,0.0,false,, 1.0
2026-03-24 11:13:21 +0000,Lat Pulldown, 9,34.01946820767298,0.0,0.0,0.0,0.0,false,, 1.0
2026-03-24 11:13:21 +0000,Lat Pulldown, 9,34.01946820767298,0.0,0.0,0.0,0.0,false,, 1.0
2026-03-24 11:13:21 +0000,Machine Tricep Dip, 8,45.35929094356398,0.0,0.0,0.0,0.0,false,, 1.0
2026-03-24 11:13:21 +0000,Machine Tricep Dip, 8,45.35929094356398,0.0,0.0,0.0,0.0,false,, 1.0
2026-03-24 11:13:21 +0000,Machine Tricep Dip, 8,45.35929094356398,0.0,0.0,0.0,0.0,false,, 1.0
2026-03-24 11:13:21 +0000,Machine Bench Press, 8,18.14371637742559,0.0,0.0,0.0,0.0,false,, 1.0
2026-03-24 11:13:21 +0000,Machine Bench Press, 8,22.67964547178199,0.0,0.0,0.0,0.0,false,, 1.0
2026-03-24 11:13:21 +0000,Machine Bench Press, 10,24.947610018960187,0.0,0.0,0.0,0.0,false,, 1.0
2026-03-24 11:13:21 +0000,Machine Bench Press, 6,24.947610018960187,0.0,0.0,0.0,0.0,false,, 1.0
2026-03-24 11:13:21 +0000,Machine Shoulder Press, 7,18.14371637742559,0.0,0.0,0.0,0.0,false,, 1.0
2026-03-24 11:13:21 +0000,Machine Shoulder Press, 11,13.607771111411349,0.0,0.0,0.0,0.0,false,, 1.0
2026-03-24 11:13:21 +0000,Machine Shoulder Press, 11,13.607771111411349,0.0,0.0,0.0,0.0,false,, 1.0
2026-03-24 11:13:21 +0000,Machine Row, 10,36.28743275485118,0.0,0.0,0.0,0.0,false,, 1.0
2026-03-24 11:13:21 +0000,Machine Row, 10,40.82331333423405,0.0,0.0,0.0,0.0,false,, 1.0
2026-03-23 11:01:12 +0000,Walking - Treadmill, 0,0.0,1080.0,1593.25056,6.7,0.0,false,, 0.0
2026-03-23 11:01:12 +0000,Machine Leg Press, 10,58.967008149449185,0.0,0.0,0.0,0.0,false,, 1.0
2026-03-23 11:01:12 +0000,Machine Leg Press, 10,72.57477926086054,0.0,0.0,0.0,0.0,false,, 1.0
2026-03-23 11:01:12 +0000,Machine Leg Press, 12,81.64672369841516,0.0,0.0,0.0,0.0,false,, 1.0
2026-03-23 11:01:12 +0000,Machine Leg Press, 12,81.64672369841516,0.0,0.0,0.0,0.0,false,, 1.0
2026-03-23 11:01:12 +0000,Machine Hip Abductor, 8,45.35929094356398,0.0,0.0,0.0,0.0,false,, 1.0
2026-03-23 11:01:12 +0000,Machine Hip Abductor, 8,45.35929094356398,0.0,0.0,0.0,0.0,false,, 1.0
2026-03-23 11:01:12 +0000,Machine Hip Abductor, 8,45.35929094356398,0.0,0.0,0.0,0.0,false,, 1.0
2026-03-23 11:01:12 +0000,Machine Hip Abductor, 8,45.35929094356398,0.0,0.0,0.0,0.0,false,, 1.0
2026-03-23 11:01:12 +0000,Machine Hip Adductor, 9,52.16318458509857,0.0,0.0,0.0,0.0,false,, 1.0
2026-03-23 11:01:12 +0000,Machine Hip Adductor, 9,52.16318458509857,0.0,0.0,0.0,0.0,false,, 1.0
2026-03-23 11:01:12 +0000,Machine Hip Adductor, 9,52.16318458509857,0.0,0.0,0.0,0.0,false,, 1.0
2026-03-23 11:01:12 +0000,Crunches, 13,0.0,0.0,0.0,0.0,0.0,false,, 1.0
2026-03-23 11:01:12 +0000,Crunches, 13,0.0,0.0,0.0,0.0,0.0,false,, 1.0
2026-03-23 11:01:12 +0000,Crunches, 13,0.0,0.0,0.0,0.0,0.0,false,, 1.0
2026-03-23 11:01:12 +0000,Crunches, 13,0.0,0.0,0.0,0.0,0.0,false,, 1.0
2026-03-23 11:01:12 +0000,Crunches, 13,0.0,0.0,0.0,0.0,0.0,false,, 1.0
2026-03-21 12:56:03 +0000,Walking - Treadmill, 0,0.0,1080.0,1609.344,6.5,0.0,false,, 0.0
2026-03-21 12:56:03 +0000,Machine Bicep Curl, 8,22.67964547178199,0.0,0.0,0.0,0.0,false,, 1.0
2026-03-21 12:56:03 +0000,Machine Bicep Curl, 8,22.67964547178199,0.0,0.0,0.0,0.0,false,, 1.0
2026-03-21 12:56:03 +0000,Machine Bicep Curl, 8,22.67964547178199,0.0,0.0,0.0,0.0,false,, 1.0
2026-03-21 12:56:03 +0000,Machine Tricep Dip, 7,43.091326396385774,0.0,0.0,0.0,0.0,false,, 1.0
2026-03-21 12:56:03 +0000,Machine Tricep Dip, 7,43.091326396385774,0.0,0.0,0.0,0.0,false,, 1.0
2026-03-21 12:56:03 +0000,Machine Tricep Dip, 7,43.091326396385774,0.0,0.0,0.0,0.0,false,, 1.0
2026-03-21 12:56:03 +0000,Machine Rear Delt Fly, 10,24.947610018960187,0.0,0.0,0.0,0.0,false,, 1.0
2026-03-21 12:56:03 +0000,Machine Rear Delt Fly, 10,24.947610018960187,0.0,0.0,0.0,0.0,false,, 1.0
2026-03-21 12:56:03 +0000,Machine Rear Delt Fly, 10,24.947610018960187,0.0,0.0,0.0,0.0,false,, 1.0
2026-03-21 12:56:03 +0000,Machine Fly, 10,15.87575183024739,0.0,0.0,0.0,0.0,false,, 1.0
2026-03-21 12:56:03 +0000,Machine Fly, 10,22.679618519018916,0.0,0.0,0.0,0.0,false,, 1.0
2026-03-21 12:56:03 +0000,Machine Fly, 13,31.751465926626484,0.0,0.0,0.0,0.0,false,, 1.0
2026-03-21 12:56:03 +0000,Machine Fly, 15,31.751465926626484,0.0,0.0,0.0,0.0,false,, 1.0
2026-03-19 10:59:57 +0000,Walking - Treadmill, 0,0.0,1080.0,1609.344,6.0,0.0,false,, 0.0
2026-03-19 10:59:57 +0000,Machine Leg Press, 8,81.64672369841516,0.0,0.0,0.0,0.0,false,, 1.0
2026-03-19 10:59:57 +0000,Machine Leg Press, 8,81.64672369841516,0.0,0.0,0.0,0.0,false,, 1.0
2026-03-19 10:59:57 +0000,Machine Leg Press, 8,81.64672369841516,0.0,0.0,0.0,0.0,false,, 1.0
2026-03-19 10:59:57 +0000,Machine Leg Press, 8,81.64672369841516,0.0,0.0,0.0,0.0,false,, 1.0
2026-03-19 10:59:57 +0000,Machine Hip Adductor, 8,49.895220037920375,0.0,0.0,0.0,0.0,false,, 1.0
2026-03-19 10:59:57 +0000,Machine Hip Adductor, 8,49.895220037920375,0.0,0.0,0.0,0.0,false,, 1.0
2026-03-19 10:59:57 +0000,Machine Hip Adductor, 8,49.895220037920375,0.0,0.0,0.0,0.0,false,, 1.0
2026-03-19 10:59:57 +0000,Machine Hip Abductor, 9,43.091326396385774,0.0,0.0,0.0,0.0,false,, 1.0
2026-03-19 10:59:57 +0000,Machine Hip Abductor, 9,43.091326396385774,0.0,0.0,0.0,0.0,false,, 1.0
2026-03-19 10:59:57 +0000,Machine Hip Abductor, 9,43.091326396385774,0.0,0.0,0.0,0.0,false,, 1.0
2026-03-19 10:59:57 +0000,Crunches, 9,0.0,0.0,0.0,0.0,0.0,false,, 1.0
2026-03-19 10:59:57 +0000,Crunches, 11,0.0,0.0,0.0,0.0,0.0,false,, 1.0
2026-03-19 10:59:57 +0000,Crunches, 13,0.0,0.0,0.0,0.0,0.0,false,, 1.0
2026-03-19 10:59:57 +0000,Crunches, 13,0.0,0.0,0.0,0.0,0.0,false,, 1.0
2026-03-18 11:07:45 +0000,Air Squats, 12,6.8038855557056745,0.0,0.0,0.0,0.0,false,, 1.0
2026-03-18 11:07:45 +0000,Lat Pulldown, 10,31.75150366049478,0.0,0.0,0.0,0.0,false,, 1.0
2026-03-18 11:07:45 +0000,Lat Pulldown, 10,31.75150366049478,0.0,0.0,0.0,0.0,false,, 1.0
2026-03-18 11:07:45 +0000,Lat Pulldown, 10,31.75150366049478,0.0,0.0,0.0,0.0,false,, 1.0
2026-03-18 11:07:45 +0000,Lat Pulldown, 10,31.75150366049478,0.0,0.0,0.0,0.0,false,, 1.0
2026-03-18 11:07:45 +0000,Machine Row, 8,34.01946820767298,0.0,0.0,0.0,0.0,false,, 1.0
2026-03-18 11:07:45 +0000,Machine Row, 8,34.01946820767298,0.0,0.0,0.0,0.0,false,, 1.0
2026-03-18 11:07:45 +0000,Machine Row, 8,34.01946820767298,0.0,0.0,0.0,0.0,false,, 1.0
2026-03-18 11:07:45 +0000,Machine Row, 8,34.01946820767298,0.0,0.0,0.0,0.0,false,, 1.0
2026-03-18 11:07:45 +0000,Machine Bicep Curl, 10,20.41168092460379,0.0,0.0,0.0,0.0,false,, 1.0
2026-03-18 11:07:45 +0000,Machine Bicep Curl, 10,20.41168092460379,0.0,0.0,0.0,0.0,false,, 1.0
2026-03-18 11:07:45 +0000,Seated Back Extension, 10,70.30690096252415,0.0,0.0,0.0,0.0,false,, 1.0
2026-03-18 11:07:45 +0000,Seated Back Extension, 10,70.30690096252415,0.0,0.0,0.0,0.0,false,, 1.0
2026-03-18 11:07:45 +0000,Seated Back Extension, 10,70.30690096252415,0.0,0.0,0.0,0.0,false,, 1.0
2026-03-17 11:05:12 +0000,Walking - Treadmill, 0,0.0,1080.0,1625.4374400000002,6.0,0.0,false,, 0.0
2026-03-17 11:05:12 +0000,Machine Leg Press, 10,54.431084445645396,0.0,0.0,0.0,0.0,false,, 1.0
2026-03-17 11:05:12 +0000,Machine Leg Press, 10,63.50293185325297,0.0,0.0,0.0,0.0,false,, 1.0
2026-03-17 11:05:12 +0000,Machine Leg Press, 12,77.11070296466431,0.0,0.0,0.0,0.0,false,, 1.0
2026-03-17 11:05:12 +0000,Machine Leg Press, 12,77.11070296466431,0.0,0.0,0.0,0.0,false,, 1.0
2026-03-17 11:05:12 +0000,Machine Hip Adductor, 8,45.35929094356398,0.0,0.0,0.0,0.0,false,, 1.0
2026-03-17 11:05:12 +0000,Machine Hip Adductor, 8,45.35929094356398,0.0,0.0,0.0,0.0,false,, 1.0
2026-03-17 11:05:12 +0000,Machine Hip Adductor, 8,45.35929094356398,0.0,0.0,0.0,0.0,false,, 1.0
2026-03-17 11:05:12 +0000,Machine Hip Adductor, 8,45.35929094356398,0.0,0.0,0.0,0.0,false,, 1.0
2026-03-17 11:05:12 +0000,Machine Hip Abductor, 8,40.82336184920758,0.0,0.0,0.0,0.0,false,, 1.0
2026-03-17 11:05:12 +0000,Machine Hip Abductor, 8,40.82336184920758,0.0,0.0,0.0,0.0,false,, 1.0
2026-03-17 11:05:12 +0000,Machine Hip Abductor, 8,40.82336184920758,0.0,0.0,0.0,0.0,false,, 1.0
2026-03-17 11:05:12 +0000,Dead Bug, 4,0.0,0.0,0.0,0.0,0.0,false,, 2.0
2026-03-17 11:05:12 +0000,Dead Bug, 4,0.0,0.0,0.0,0.0,0.0,false,, 2.0
2026-03-17 11:05:12 +0000,Dead Bug, 4,0.0,0.0,0.0,0.0,0.0,false,, 2.0
2026-03-17 11:05:12 +0000,Dead Bug, 4,0.0,0.0,0.0,0.0,0.0,false,, 2.0
2026-03-16 11:03:56 +0000,Walking - Treadmill, 0,0.0,1080.0,1625.4374400000002,6.1,0.0,false,, 0.0
2026-03-16 11:03:56 +0000,Machine Shoulder Press, 10,11.339822735890994,0.0,0.0,0.0,0.0,false,, 1.0
2026-03-16 11:03:56 +0000,Machine Shoulder Press, 10,13.607787283069193,0.0,0.0,0.0,0.0,false,, 1.0
2026-03-16 11:03:56 +0000,Machine Shoulder Press, 13,18.14371637742559,0.0,0.0,0.0,0.0,false,, 1.0
2026-03-16 11:03:56 +0000,Machine Shoulder Press, 13,18.14371637742559,0.0,0.0,0.0,0.0,false,, 1.0
2026-03-16 11:03:56 +0000,Machine Bench Press, 8,22.67964547178199,0.0,0.0,0.0,0.0,false,, 1.0
2026-03-16 11:03:56 +0000,Machine Bench Press, 8,22.67964547178199,0.0,0.0,0.0,0.0,false,, 1.0
2026-03-16 11:03:56 +0000,Machine Bench Press, 8,22.67964547178199,0.0,0.0,0.0,0.0,false,, 1.0
2026-03-16 11:03:56 +0000,Machine Bench Press, 8,22.67964547178199,0.0,0.0,0.0,0.0,false,, 1.0
2026-03-16 11:03:56 +0000,Machine Tricep Dip, 7,40.82336184920758,0.0,0.0,0.0,0.0,false,, 1.0
2026-03-16 11:03:56 +0000,Machine Tricep Dip, 7,40.82336184920758,0.0,0.0,0.0,0.0,false,, 1.0
2026-03-16 11:03:56 +0000,Machine Tricep Dip, 7,40.82336184920758,0.0,0.0,0.0,0.0,false,, 1.0
2026-03-13 11:02:01 +0000,Walking - Treadmill, 0,0.0,240.0,273.58848,5.5,0.0,false,, 0.0
2026-03-13 11:02:01 +0000,Lat Pulldown, 10,20.41168092460379,0.0,0.0,0.0,0.0,false,, 1.0
2026-03-13 11:02:01 +0000,Lat Pulldown, 10,24.947610018960187,0.0,0.0,0.0,0.0,false,, 1.0
2026-03-13 11:02:01 +0000,Lat Pulldown, 15,29.483539113316585,0.0,0.0,0.0,0.0,false,, 1.0
2026-03-13 11:02:01 +0000,Lat Pulldown, 15,34.019427778528375,0.0,0.0,0.0,0.0,false,, 1.0
2026-03-13 11:02:01 +0000,Machine Bicep Curl, 8,20.41168092460379,0.0,0.0,0.0,0.0,false,, 1.0
2026-03-13 11:02:01 +0000,Machine Bicep Curl, 8,20.41168092460379,0.0,0.0,0.0,0.0,false,, 1.0
2026-03-13 11:02:01 +0000,Machine Bicep Curl, 8,20.41168092460379,0.0,0.0,0.0,0.0,false,, 1.0
2026-03-12 10:56:56 +0000,Walking - Treadmill, 0,0.0,1080.0,1561.06368,6.0,0.0,false,, 0.0
2026-03-12 10:56:56 +0000,Machine Leg Press, 8,77.11070296466431,0.0,0.0,0.0,0.0,false,, 1.0
2026-03-12 10:56:56 +0000,Machine Leg Press, 8,77.11070296466431,0.0,0.0,0.0,0.0,false,, 1.0
2026-03-12 10:56:56 +0000,Machine Leg Press, 8,77.11070296466431,0.0,0.0,0.0,0.0,false,, 1.0
2026-03-12 10:56:56 +0000,Machine Hip Adductor, 8,43.091326396385774,0.0,0.0,0.0,0.0,false,, 1.0
2026-03-12 10:56:56 +0000,Machine Hip Adductor, 8,43.091326396385774,0.0,0.0,0.0,0.0,false,, 1.0
2026-03-12 10:56:56 +0000,Machine Hip Adductor, 8,43.091326396385774,0.0,0.0,0.0,0.0,false,, 1.0
2026-03-12 10:56:56 +0000,Machine Hip Abductor, 10,24.947610018960187,0.0,0.0,0.0,0.0,false,, 1.0
2026-03-12 10:56:56 +0000,Machine Hip Abductor, 10,31.75150366049478,0.0,0.0,0.0,0.0,false,, 1.0
2026-03-12 10:56:56 +0000,Machine Hip Abductor, 12,36.28743275485118,0.0,0.0,0.0,0.0,false,, 1.0
2026-03-12 10:56:56 +0000,Machine Hip Abductor, 16,36.28738963043027,0.0,0.0,0.0,0.0,false,, 1.0
2026-03-12 10:56:56 +0000,Crunches, 13,0.0,0.0,0.0,0.0,0.0,false,, 1.0
2026-03-12 10:56:56 +0000,Crunches, 13,0.0,0.0,0.0,0.0,0.0,false,, 1.0
2026-03-12 10:56:56 +0000,Crunches, 13,0.0,0.0,0.0,0.0,0.0,false,, 1.0
2026-03-12 10:56:56 +0000,Crunches, 13,0.0,0.0,0.0,0.0,0.0,false,, 1.0
2026-03-11 11:00:30 +0000,Walking - Treadmill, 0,0.0,1080.0,1625.4374400000002,5.5,0.0,false,, 0.0
2026-03-11 11:00:30 +0000,Machine Shoulder Press, 10,15.87575183024739,0.0,0.0,0.0,0.0,false,, 1.0
2026-03-11 11:00:30 +0000,Machine Shoulder Press, 10,15.87575183024739,0.0,0.0,0.0,0.0,false,, 1.0
2026-03-11 11:00:30 +0000,Machine Shoulder Press, 10,15.87575183024739,0.0,0.0,0.0,0.0,false,, 1.0
2026-03-11 11:00:30 +0000,Machine Bench Press, 7,22.67964547178199,0.0,0.0,0.0,0.0,false,, 1.0
2026-03-11 11:00:30 +0000,Machine Bench Press, 7,22.67964547178199,0.0,0.0,0.0,0.0,false,, 1.0
2026-03-11 11:00:30 +0000,Machine Bench Press, 7,22.67964547178199,0.0,0.0,0.0,0.0,false,, 1.0
2026-03-11 11:00:30 +0000,Machine Tricep Dip, 9,36.28743275485118,0.0,0.0,0.0,0.0,false,, 1.0
2026-03-11 11:00:30 +0000,Machine Tricep Dip, 9,36.28743275485118,0.0,0.0,0.0,0.0,false,, 1.0
2026-03-11 11:00:30 +0000,Machine Tricep Dip, 9,36.28743275485118,0.0,0.0,0.0,0.0,false,, 1.0
2026-03-11 11:00:30 +0000,Crunches, 13,0.0,0.0,0.0,0.0,0.0,false,, 1.0
2026-03-11 11:00:30 +0000,Crunches, 13,0.0,0.0,0.0,0.0,0.0,false,, 1.0
2026-03-11 11:00:30 +0000,Crunches, 13,0.0,0.0,0.0,0.0,0.0,false,, 1.0
2026-03-10 11:07:59 +0000,Walking - Treadmill, 0,0.0,672.0,708.11136,10.0,0.0,false,, 0.0
2026-03-10 11:07:59 +0000,Lat Pulldown, 8,29.483539113316585,0.0,0.0,0.0,0.0,false,, 1.0
2026-03-10 11:07:59 +0000,Lat Pulldown, 8,29.483539113316585,0.0,0.0,0.0,0.0,false,, 1.0
2026-03-10 11:07:59 +0000,Lat Pulldown, 8,29.483539113316585,0.0,0.0,0.0,0.0,false,, 1.0
2026-03-10 11:07:59 +0000,Lat Pulldown, 8,29.483539113316585,0.0,0.0,0.0,0.0,false,, 1.0
2026-03-10 11:07:59 +0000,Machine Bicep Curl, 10,18.14371637742559,0.0,0.0,0.0,0.0,false,, 1.0
2026-03-10 11:07:59 +0000,Machine Bicep Curl, 10,18.14371637742559,0.0,0.0,0.0,0.0,false,, 1.0
2026-03-10 11:07:59 +0000,Machine Bicep Curl, 10,18.14371637742559,0.0,0.0,0.0,0.0,false,, 1.0
2026-03-10 11:07:59 +0000,Machine Row, 8,31.75150366049478,0.0,0.0,0.0,0.0,false,, 1.0
2026-03-10 11:07:59 +0000,Machine Row, 8,31.75150366049478,0.0,0.0,0.0,0.0,false,, 1.0
2026-03-10 11:07:59 +0000,Machine Row, 8,31.75150366049478,0.0,0.0,0.0,0.0,false,, 1.0
2026-03-10 11:07:59 +0000,Seated Back Extension, 10,68.03885555705675,0.0,0.0,0.0,0.0,false,, 1.0
2026-03-10 11:07:59 +0000,Seated Back Extension, 10,68.03885555705675,0.0,0.0,0.0,0.0,false,, 1.0
2026-03-10 11:07:59 +0000,Seated Back Extension, 10,68.03885555705675,0.0,0.0,0.0,0.0,false,, 1.0
2026-03-09 10:41:37 +0000,Walking - Treadmill, 0,0.0,1080.0,1625.4374400000002,5.5,0.0,false,, 0.0
2026-03-09 10:41:37 +0000,Machine Leg Press, 10,68.03893641534596,0.0,0.0,0.0,0.0,false,, 1.0
2026-03-09 10:41:37 +0000,Machine Leg Press, 10,68.03893641534596,0.0,0.0,0.0,0.0,false,, 1.0
2026-03-09 10:41:37 +0000,Machine Leg Press, 10,68.03893641534596,0.0,0.0,0.0,0.0,false,, 1.0
2026-03-09 10:41:37 +0000,Machine Hip Adductor, 10,36.28743275485118,0.0,0.0,0.0,0.0,false,, 1.0
2026-03-09 10:41:37 +0000,Machine Hip Adductor, 10,36.28743275485118,0.0,0.0,0.0,0.0,false,, 1.0
2026-03-09 10:41:37 +0000,Machine Hip Adductor, 10,36.28743275485118,0.0,0.0,0.0,0.0,false,, 1.0
2026-03-09 10:41:37 +0000,Machine Hip Adductor, 10,36.28743275485118,0.0,0.0,0.0,0.0,false,, 1.0
2026-03-09 10:41:37 +0000,Crunches, 8,0.0,0.0,0.0,0.0,0.0,false,, 1.0
2026-03-09 10:41:37 +0000,Crunches, 10,0.0,0.0,0.0,0.0,0.0,false,, 1.0
2026-03-09 10:41:37 +0000,Crunches, 12,0.0,0.0,0.0,0.0,0.0,false,, 1.0
2026-03-09 10:41:37 +0000,Crunches, 12,0.0,0.0,0.0,0.0,0.0,false,, 1.0
2026-03-09 10:41:37 +0000,Machine Hip Abductor, 10,34.01946820767298,0.0,0.0,0.0,0.0,false,, 1.0
2026-03-09 10:41:37 +0000,Machine Hip Abductor, 10,34.01946820767298,0.0,0.0,0.0,0.0,false,, 1.0
2026-03-09 10:41:37 +0000,Machine Hip Abductor, 10,34.01946820767298,0.0,0.0,0.0,0.0,false,, 1.0
2026-03-06 12:02:58 +0000,Walking - Treadmill, 0,0.0,1080.0,1593.25056,5.5,0.0,false,, 0.0
2026-03-06 12:02:58 +0000,Lat Pulldown, 8,20.41168092460379,0.0,0.0,0.0,0.0,false,, 1.0
2026-03-06 12:02:58 +0000,Lat Pulldown, 9,24.947610018960187,0.0,0.0,0.0,0.0,false,, 1.0
2026-03-06 12:02:58 +0000,Lat Pulldown, 12,29.483539113316585,0.0,0.0,0.0,0.0,false,, 1.0
2026-03-06 12:02:58 +0000,Lat Pulldown, 12,29.483539113316585,0.0,0.0,0.0,0.0,false,, 1.0
2026-03-06 12:02:58 +0000,Machine Bicep Curl, 8,18.14371637742559,0.0,0.0,0.0,0.0,false,, 1.0
2026-03-06 12:02:58 +0000,Machine Bicep Curl, 8,18.14371637742559,0.0,0.0,0.0,0.0,false,, 1.0
2026-03-05 12:10:22 +0000,Walking - Treadmill, 0,0.0,780.0,1078.2604800000001,3.3,0.0,false,, 0.0
2026-03-05 12:10:22 +0000,Machine Shoulder Press, 8,11.339822735890994,0.0,0.0,0.0,0.0,false,, 1.0
2026-03-05 12:10:22 +0000,Machine Shoulder Press, 8,13.607787283069193,0.0,0.0,0.0,0.0,false,, 1.0
2026-03-05 12:10:22 +0000,Machine Shoulder Press, 10,15.87575183024739,0.0,0.0,0.0,0.0,false,, 1.0
2026-03-05 12:10:22 +0000,Machine Shoulder Press, 10,15.87575183024739,0.0,0.0,0.0,0.0,false,, 1.0
2026-03-05 12:10:22 +0000,Machine Bench Press, 11,20.411656667117025,0.0,0.0,0.0,0.0,false,, 1.0
2026-03-05 12:10:22 +0000,Machine Bench Press, 11,18.143694815215134,0.0,0.0,0.0,0.0,false,, 1.0
2026-03-05 12:10:22 +0000,Machine Bench Press, 7,18.143694815215134,0.0,0.0,0.0,0.0,false,, 1.0
2026-03-05 12:10:22 +0000,Machine Tricep Dip, 10,34.01946820767298,0.0,0.0,0.0,0.0,false,, 1.0
2026-03-05 12:10:22 +0000,Machine Tricep Dip, 10,34.01946820767298,0.0,0.0,0.0,0.0,false,, 1.0
2026-03-05 12:10:22 +0000,Machine Tricep Dip, 10,27.215542222822698,0.0,0.0,0.0,0.0,false,, 1.0
2026-03-04 12:01:12 +0000,Walking - Treadmill, 0,0.0,1080.0,1625.4374400000002,5.5,0.0,false,, 0.0
2026-03-04 12:01:12 +0000,Machine Leg Press, 10,63.50293185325297,0.0,0.0,0.0,0.0,false,, 1.0
2026-03-04 12:01:12 +0000,Machine Leg Press, 10,63.50293185325297,0.0,0.0,0.0,0.0,false,, 1.0
2026-03-04 12:01:12 +0000,Machine Leg Press, 10,63.50293185325297,0.0,0.0,0.0,0.0,false,, 1.0
2026-03-04 12:01:12 +0000,Machine Leg Press, 10,63.50293185325297,0.0,0.0,0.0,0.0,false,, 1.0
2026-03-04 12:01:12 +0000,Machine Hip Adductor, 10,34.01946820767298,0.0,0.0,0.0,0.0,false,, 1.0
2026-03-04 12:01:12 +0000,Machine Hip Adductor, 10,34.01946820767298,0.0,0.0,0.0,0.0,false,, 1.0
2026-03-04 12:01:12 +0000,Machine Hip Adductor, 10,34.01946820767298,0.0,0.0,0.0,0.0,false,, 1.0
2026-03-04 12:01:12 +0000,Machine Hip Adductor, 10,34.01946820767298,0.0,0.0,0.0,0.0,false,, 1.0
2026-03-04 12:01:12 +0000,Machine Hip Abductor, 10,31.75150366049478,0.0,0.0,0.0,0.0,false,, 1.0
2026-03-04 12:01:12 +0000,Machine Hip Abductor, 10,31.75150366049478,0.0,0.0,0.0,0.0,false,, 1.0
2026-03-04 12:01:12 +0000,Machine Hip Abductor, 10,31.75150366049478,0.0,0.0,0.0,0.0,false,, 1.0
2026-03-03 11:58:21 +0000,Walking - Treadmill, 0,0.0,1080.0,1625.4374400000002,5.5,0.0,false,, 0.0
2026-03-03 11:58:21 +0000,Lat Pulldown, 10,27.215574566138386,0.0,0.0,0.0,0.0,false,, 1.0
2026-03-03 11:58:21 +0000,Lat Pulldown, 10,27.215574566138386,0.0,0.0,0.0,0.0,false,, 1.0
2026-03-03 11:58:21 +0000,Lat Pulldown, 10,27.215574566138386,0.0,0.0,0.0,0.0,false,, 1.0
2026-03-03 11:58:21 +0000,Machine Bicep Curl, 8,15.87575183024739,0.0,0.0,0.0,0.0,false,, 1.0
2026-03-03 11:58:21 +0000,Machine Bicep Curl, 8,15.87575183024739,0.0,0.0,0.0,0.0,false,, 1.0
2026-03-03 11:58:21 +0000,Machine Bicep Curl, 8,15.87575183024739,0.0,0.0,0.0,0.0,false,, 1.0
2026-03-03 11:58:21 +0000,Machine Bicep Curl, 8,15.87575183024739,0.0,0.0,0.0,0.0,false,, 1.0
2026-03-03 11:58:21 +0000,Machine Row, 8,29.483539113316585,0.0,0.0,0.0,0.0,false,, 1.0
2026-03-03 11:58:21 +0000,Machine Row, 8,29.483539113316585,0.0,0.0,0.0,0.0,false,, 1.0
2026-03-03 11:58:21 +0000,Machine Row, 8,29.483539113316585,0.0,0.0,0.0,0.0,false,, 1.0
2026-03-03 11:58:21 +0000,Machine Row, 8,29.483539113316585,0.0,0.0,0.0,0.0,false,, 1.0
2026-03-03 11:58:21 +0000,Seated Back Extension, 10,63.50300732098956,0.0,0.0,0.0,0.0,false,, 1.0
2026-03-03 11:58:21 +0000,Seated Back Extension, 10,63.50300732098956,0.0,0.0,0.0,0.0,false,, 1.0
2026-03-02 12:02:22 +0000,Walking - Treadmill, 0,0.0,1080.0,1561.06368,5.5,0.0,false,, 0.0
2026-03-02 12:02:22 +0000,Machine Shoulder Press, 13,13.607787283069193,0.0,0.0,0.0,0.0,false,, 1.0
2026-03-02 12:02:22 +0000,Machine Shoulder Press, 13,13.607787283069193,0.0,0.0,0.0,0.0,false,, 1.0
2026-03-02 12:02:22 +0000,Machine Shoulder Press, 13,13.607787283069193,0.0,0.0,0.0,0.0,false,, 1.0
2026-03-02 12:02:22 +0000,Machine Bench Press, 8,15.87575183024739,0.0,0.0,0.0,0.0,false,, 1.0
2026-03-02 12:02:22 +0000,Machine Bench Press, 8,20.41168092460379,0.0,0.0,0.0,0.0,false,, 1.0
2026-03-02 12:02:22 +0000,Machine Bench Press, 10,15.875732963313242,0.0,0.0,0.0,0.0,false,, 1.0
2026-03-02 12:02:22 +0000,Machine Bench Press, 5,15.875732963313242,0.0,0.0,0.0,0.0,false,, 1.0
2026-03-02 12:02:22 +0000,Machine Tricep Dip, 10,31.75150366049478,0.0,0.0,0.0,0.0,false,, 1.0
2026-03-02 12:02:22 +0000,Machine Tricep Dip, 10,31.75150366049478,0.0,0.0,0.0,0.0,false,, 1.0
2026-03-02 12:02:22 +0000,Machine Tricep Dip, 10,31.75150366049478,0.0,0.0,0.0,0.0,false,, 1.0
2026-02-23 00:44:27 +0000,Walking, 0,0.0,901.6843044757843,912.8135639439678,0.0,0.0,false,, 0.0
2026-02-22 02:36:57 +0000,Walking, 0,0.0,1092.5236177444458,1133.668344138704,0.0,0.0,false,, 0.0
2026-02-20 11:58:03 +0000,Walking - Treadmill, 0,0.0,1080.0,1561.06368,5.5,0.0,false,, 0.0
2026-02-20 11:58:03 +0000,Machine Leg Press, 8,58.96707822663317,0.0,0.0,0.0,0.0,false,, 1.0
2026-02-20 11:58:03 +0000,Machine Leg Press, 8,58.96707822663317,0.0,0.0,0.0,0.0,false,, 1.0
2026-02-20 11:58:03 +0000,Machine Leg Press, 8,58.96707822663317,0.0,0.0,0.0,0.0,false,, 1.0
2026-02-20 11:58:03 +0000,Machine Hip Adductor, 10,24.947610018960187,0.0,0.0,0.0,0.0,false,, 1.0
2026-02-20 11:58:03 +0000,Machine Hip Adductor, 10,29.483504074724593,0.0,0.0,0.0,0.0,false,, 1.0
2026-02-20 11:58:03 +0000,Machine Hip Adductor, 10,29.483504074724593,0.0,0.0,0.0,0.0,false,, 1.0
2026-02-20 11:58:03 +0000,Machine Hip Abductor, 10,18.143694815215134,0.0,0.0,0.0,0.0,false,, 1.0
2026-02-20 11:58:03 +0000,Machine Hip Abductor, 10,22.679618519018916,0.0,0.0,0.0,0.0,false,, 1.0
2026-02-20 11:58:03 +0000,Machine Hip Abductor, 13,27.215542222822698,0.0,0.0,0.0,0.0,false,, 1.0
2026-02-20 11:58:03 +0000,Machine Hip Abductor, 13,29.483504074724593,0.0,0.0,0.0,0.0,false,, 1.0
2026-02-20 11:58:03 +0000,Crunches, 11,0.0,0.0,0.0,0.0,0.0,false,, 1.0
2026-02-20 11:58:03 +0000,Crunches, 11,0.0,0.0,0.0,0.0,0.0,false,, 1.0
2026-02-20 11:58:03 +0000,Crunches, 11,0.0,0.0,0.0,0.0,0.0,false,, 1.0
2026-02-20 11:58:03 +0000,Crunches, 11,0.0,0.0,0.0,0.0,0.0,false,, 1.0
2026-02-20 11:58:03 +0000,Crunches, 11,0.0,0.0,0.0,0.0,0.0,false,, 1.0
2026-02-19 12:06:14 +0000,Walking - Treadmill, 0,0.0,1080.0,1512.78336,5.5,0.0,false,, 0.0
2026-02-19 12:06:14 +0000,Lat Pulldown, 10,24.947610018960187,0.0,0.0,0.0,0.0,false,, 1.0
2026-02-19 12:06:14 +0000,Lat Pulldown, 10,24.947610018960187,0.0,0.0,0.0,0.0,false,, 1.0
2026-02-19 12:06:14 +0000,Lat Pulldown, 10,24.947610018960187,0.0,0.0,0.0,0.0,false,, 1.0
2026-02-19 12:06:14 +0000,Lat Pulldown, 10,24.947610018960187,0.0,0.0,0.0,0.0,false,, 1.0
2026-02-19 12:06:14 +0000,Machine Bicep Curl, 10,13.607787283069193,0.0,0.0,0.0,0.0,false,, 1.0
2026-02-19 12:06:14 +0000,Machine Bicep Curl, 10,13.607787283069193,0.0,0.0,0.0,0.0,false,, 1.0
2026-02-19 12:06:14 +0000,Machine Bicep Curl, 10,13.607787283069193,0.0,0.0,0.0,0.0,false,, 1.0
2026-02-19 12:06:14 +0000,Machine Row, 11,24.947610018960187,0.0,0.0,0.0,0.0,false,, 1.0
2026-02-19 12:06:14 +0000,Machine Row, 11,24.947610018960187,0.0,0.0,0.0,0.0,false,, 1.0
2026-02-19 12:06:14 +0000,Machine Row, 11,24.947610018960187,0.0,0.0,0.0,0.0,false,, 1.0
2026-02-19 12:06:14 +0000,Seated Back Extension, 10,38.55539730202938,0.0,0.0,0.0,0.0,false,, 1.0
2026-02-19 12:06:14 +0000,Seated Back Extension, 10,47.62725549074217,0.0,0.0,0.0,0.0,false,, 1.0
2026-02-19 12:06:14 +0000,Seated Back Extension, 10,56.69911367945497,0.0,0.0,0.0,0.0,false,, 1.0
2026-02-19 12:06:14 +0000,Seated Back Extension, 10,56.69911367945497,0.0,0.0,0.0,0.0,false,, 1.0
2026-02-18 11:58:48 +0000,Walking - Treadmill, 0,0.0,1080.0,1496.68992,5.3,0.0,false,, 0.0
2026-02-18 11:58:48 +0000,Machine Leg Press, 10,36.28738963043027,0.0,0.0,0.0,0.0,false,, 1.0
2026-02-18 11:58:48 +0000,Machine Leg Press, 10,45.35923703803783,0.0,0.0,0.0,0.0,false,, 1.0
2026-02-18 11:58:48 +0000,Machine Leg Press, 12,54.431084445645396,0.0,0.0,0.0,0.0,false,, 1.0
2026-02-18 11:58:48 +0000,Machine Leg Press, 20,54.431084445645396,0.0,0.0,0.0,0.0,false,, 1.0
2026-02-18 11:58:48 +0000,Machine Hip Adductor, 10,22.67964547178199,0.0,0.0,0.0,0.0,false,, 1.0
2026-02-18 11:58:48 +0000,Machine Hip Adductor, 10,22.67964547178199,0.0,0.0,0.0,0.0,false,, 1.0
2026-02-18 11:58:48 +0000,Machine Hip Adductor, 10,22.67964547178199,0.0,0.0,0.0,0.0,false,, 1.0
2026-02-18 11:58:48 +0000,Machine Hip Adductor, 10,22.67964547178199,0.0,0.0,0.0,0.0,false,, 1.0
2026-02-18 11:58:48 +0000,Machine Hip Abductor, 10,22.67964547178199,0.0,0.0,0.0,0.0,false,, 1.0
2026-02-18 11:58:48 +0000,Machine Hip Abductor, 10,22.67964547178199,0.0,0.0,0.0,0.0,false,, 1.0
2026-02-18 11:58:48 +0000,Machine Hip Abductor, 10,22.67964547178199,0.0,0.0,0.0,0.0,false,, 1.0
2026-02-17 11:52:33 +0000,Walking - Treadmill, 0,0.0,1080.0,1448.4096000000002,5.5,0.0,false,, 0.0
2026-02-17 11:52:33 +0000,Machine Shoulder Press, 10,11.339809259509458,0.0,0.0,0.0,0.0,false,, 1.0
2026-02-17 11:52:33 +0000,Machine Shoulder Press, 10,11.339809259509458,0.0,0.0,0.0,0.0,false,, 1.0
2026-02-17 11:52:33 +0000,Machine Shoulder Press, 10,13.607771111411349,0.0,0.0,0.0,0.0,false,, 1.0
2026-02-17 11:52:33 +0000,Machine Shoulder Press, 10,13.607771111411349,0.0,0.0,0.0,0.0,false,, 1.0
2026-02-17 11:52:33 +0000,Machine Bench Press, 10,20.41168092460379,0.0,0.0,0.0,0.0,false,, 1.0
2026-02-17 11:52:33 +0000,Machine Bench Press, 8,18.143694815215134,0.0,0.0,0.0,0.0,false,, 1.0
2026-02-17 11:52:33 +0000,Machine Bench Press, 8,18.143694815215134,0.0,0.0,0.0,0.0,false,, 1.0
2026-02-17 11:52:33 +0000,Machine Tricep Dip, 8,29.483539113316585,0.0,0.0,0.0,0.0,false,, 1.0
2026-02-17 11:52:33 +0000,Machine Tricep Dip, 8,29.483539113316585,0.0,0.0,0.0,0.0,false,, 1.0
2026-02-17 11:52:33 +0000,Machine Tricep Dip, 8,29.483539113316585,0.0,0.0,0.0,0.0,false,, 1.0
2026-02-17 11:52:33 +0000,Machine Tricep Dip, 8,29.483539113316585,0.0,0.0,0.0,0.0,false,, 1.0
2026-02-17 11:52:33 +0000,Crunches, 10,0.0,0.0,0.0,0.0,0.0,false,, 1.0
2026-02-17 11:52:33 +0000,Crunches, 10,0.0,0.0,0.0,0.0,0.0,false,, 1.0
2026-02-17 11:52:33 +0000,Crunches, 10,0.0,0.0,0.0,0.0,0.0,false,, 1.0
2026-02-17 11:52:33 +0000,Crunches, 10,0.0,0.0,0.0,0.0,0.0,false,, 1.0
2026-02-17 11:52:33 +0000,Crunches, 10,0.0,0.0,0.0,0.0,0.0,false,, 1.0
2026-02-16 11:43:50 +0000,Walking - Treadmill, 0,0.0,1080.0,0.0,0.0,0.0,false,, 0.0
2026-02-16 11:43:50 +0000,Lat Pulldown, 10,22.67964547178199,0.0,0.0,0.0,0.0,false,, 1.0
2026-02-16 11:43:50 +0000,Lat Pulldown, 10,22.67964547178199,0.0,0.0,0.0,0.0,false,, 1.0
2026-02-16 11:43:50 +0000,Lat Pulldown, 10,27.215542222822698,0.0,0.0,0.0,0.0,false,, 1.0
2026-02-16 11:43:50 +0000,Machine Bicep Curl, 12,11.339822735890994,0.0,0.0,0.0,0.0,false,, 1.0
2026-02-16 11:43:50 +0000,Machine Bicep Curl, 12,11.339822735890994,0.0,0.0,0.0,0.0,false,, 1.0
2026-02-16 11:43:50 +0000,Machine Bicep Curl, 12,11.339822735890994,0.0,0.0,0.0,0.0,false,, 1.0
2026-02-16 11:43:50 +0000,Machine Bicep Curl, 5,11.339822735890994,0.0,0.0,0.0,0.0,false,, 1.0
2026-02-16 11:43:50 +0000,Machine Row, 10,22.67964547178199,0.0,0.0,0.0,0.0,false,, 1.0
2026-02-16 11:43:50 +0000,Machine Row, 10,24.947580370920807,0.0,0.0,0.0,0.0,false,, 1.0
2026-02-16 11:43:50 +0000,Machine Row, 10,27.215542222822698,0.0,0.0,0.0,0.0,false,, 1.0
2026-02-16 11:43:50 +0000,Seated Back Extension, 10,45.35923703803783,0.0,0.0,0.0,0.0,false,, 1.0
2026-02-16 11:43:50 +0000,Seated Back Extension, 10,68.03885555705675,0.0,0.0,0.0,0.0,false,, 1.0
2026-02-13 12:00:08 +0000,Walking - Treadmill, 0,0.0,1080.0,0.0,0.0,0.0,false,, 0.0
2026-02-13 12:00:08 +0000,Machine Leg Press, 8,49.895160741841615,0.0,0.0,0.0,0.0,false,, 1.0
2026-02-13 12:00:08 +0000,Machine Leg Press, 8,49.895160741841615,0.0,0.0,0.0,0.0,false,, 1.0
2026-02-13 12:00:08 +0000,Machine Leg Press, 8,49.895160741841615,0.0,0.0,0.0,0.0,false,, 1.0
2026-02-13 12:00:08 +0000,Machine Hip Adductor, 10,13.607787283069193,0.0,0.0,0.0,0.0,false,, 1.0
2026-02-13 12:00:08 +0000,Machine Hip Adductor, 10,18.143694815215134,0.0,0.0,0.0,0.0,false,, 1.0
2026-02-13 12:00:08 +0000,Machine Hip Adductor, 10,22.679618519018916,0.0,0.0,0.0,0.0,false,, 1.0
2026-02-13 12:00:08 +0000,Machine Hip Adductor, 10,22.679618519018916,0.0,0.0,0.0,0.0,false,, 1.0
2026-02-13 12:00:08 +0000,Machine Hip Abductor, 6,20.41168092460379,0.0,0.0,0.0,0.0,false,, 1.0
2026-02-13 12:00:08 +0000,Machine Hip Abductor, 6,20.41168092460379,0.0,0.0,0.0,0.0,false,, 1.0
2026-02-13 12:00:08 +0000,Machine Hip Abductor, 6,20.41168092460379,0.0,0.0,0.0,0.0,false,, 1.0
2026-02-13 12:00:08 +0000,Machine Hip Abductor, 6,20.41168092460379,0.0,0.0,0.0,0.0,false,, 1.0
2026-02-13 12:00:08 +0000,Machine Hip Abductor, 6,20.41168092460379,0.0,0.0,0.0,0.0,false,, 1.0
2026-02-13 12:00:08 +0000,Crunches, 11,0.0,0.0,0.0,0.0,0.0,false,, 1.0
2026-02-13 12:00:08 +0000,Crunches, 11,0.0,0.0,0.0,0.0,0.0,false,, 1.0
2026-02-13 12:00:08 +0000,Crunches, 5,0.0,0.0,0.0,0.0,0.0,false,, 1.0
2026-02-13 12:00:08 +0000,Crunches, 5,0.0,0.0,0.0,0.0,0.0,false,, 1.0
2026-02-12 12:03:00 +0000,Walking - Treadmill, 0,0.0,1080.0,1448.4096000000002,5.5,0.0,false,, 0.0
2026-02-12 12:03:00 +0000,Machine Shoulder Press, 11,11.339822735890994,0.0,0.0,0.0,0.0,false,, 1.0
2026-02-12 12:03:00 +0000,Machine Shoulder Press, 11,11.339822735890994,0.0,0.0,0.0,0.0,false,, 1.0
2026-02-12 12:03:00 +0000,Machine Shoulder Press, 11,11.339822735890994,0.0,0.0,0.0,0.0,false,, 1.0
2026-02-12 12:03:00 +0000,Machine Bench Press, 8,20.41168092460379,0.0,0.0,0.0,0.0,false,, 1.0
2026-02-12 12:03:00 +0000,Machine Bench Press, 8,20.41168092460379,0.0,0.0,0.0,0.0,false,, 1.0
2026-02-12 12:03:00 +0000,Machine Bench Press, 8,20.41168092460379,0.0,0.0,0.0,0.0,false,, 1.0
2026-02-12 12:03:00 +0000,Machine Tricep Dip, 10,20.41168092460379,0.0,0.0,0.0,0.0,false,, 1.0
2026-02-12 12:03:00 +0000,Machine Tricep Dip, 10,24.947610018960187,0.0,0.0,0.0,0.0,false,, 1.0
2026-02-12 12:03:00 +0000,Machine Tricep Dip, 10,27.215574566138386,0.0,0.0,0.0,0.0,false,, 1.0
2026-02-12 12:03:00 +0000,Machine Tricep Dip, 10,27.215574566138386,0.0,0.0,0.0,0.0,false,, 1.0
2026-02-12 12:03:00 +0000,Crunches, 11,0.0,0.0,0.0,0.0,0.0,false,, 1.0
2026-02-12 12:03:00 +0000,Crunches, 11,0.0,0.0,0.0,0.0,0.0,false,, 1.0
2026-02-12 12:03:00 +0000,Crunches, 11,0.0,0.0,0.0,0.0,0.0,false,, 1.0
2026-02-11 12:05:25 +0000,Walking - Treadmill, 0,0.0,1080.0,0.0,0.0,0.0,false,, 0.0
2026-02-11 12:05:25 +0000,Machine Leg Press, 8,45.35923703803783,0.0,0.0,0.0,0.0,false,, 1.0
2026-02-11 12:05:25 +0000,Machine Leg Press, 8,45.35923703803783,0.0,0.0,0.0,0.0,false,, 1.0
2026-02-11 12:05:25 +0000,Machine Leg Press, 8,45.35923703803783,0.0,0.0,0.0,0.0,false,, 1.0
2026-02-11 12:05:25 +0000,Machine Hip Adductor, 7,18.143694815215134,0.0,0.0,0.0,0.0,false,, 1.0
2026-02-11 12:05:25 +0000,Machine Hip Adductor, 7,22.679618519018916,0.0,0.0,0.0,0.0,false,, 1.0
2026-02-11 12:05:25 +0000,Machine Hip Adductor, 7,22.679618519018916,0.0,0.0,0.0,0.0,false,, 1.0
2026-02-11 12:05:25 +0000,Machine Hip Abductor, 10,18.14371637742559,0.0,0.0,0.0,0.0,false,, 1.0
2026-02-11 12:05:25 +0000,Machine Hip Abductor, 10,18.14371637742559,0.0,0.0,0.0,0.0,false,, 1.0
2026-02-11 12:05:25 +0000,Machine Hip Abductor, 10,18.14371637742559,0.0,0.0,0.0,0.0,false,, 1.0
2026-02-10 11:56:32 +0000,Walking - Treadmill, 0,0.0,1080.0,0.0,0.0,0.0,false,, 0.0
2026-02-10 11:56:32 +0000,Lat Pulldown, 8,18.143694815215134,0.0,0.0,0.0,0.0,false,, 1.0
2026-02-10 11:56:32 +0000,Lat Pulldown, 8,22.679618519018916,0.0,0.0,0.0,0.0,false,, 1.0
2026-02-10 11:56:32 +0000,Lat Pulldown, 8,24.947580370920807,0.0,0.0,0.0,0.0,false,, 1.0
2026-02-10 11:56:32 +0000,Lat Pulldown, 8,24.947580370920807,0.0,0.0,0.0,0.0,false,, 1.0
2026-02-10 11:56:32 +0000,Machine Bicep Curl, 9,11.339822735890994,0.0,0.0,0.0,0.0,false,, 1.0
2026-02-10 11:56:32 +0000,Machine Bicep Curl, 9,11.339822735890994,0.0,0.0,0.0,0.0,false,, 1.0
2026-02-10 11:56:32 +0000,Machine Bicep Curl, 9,11.339822735890994,0.0,0.0,0.0,0.0,false,, 1.0
2026-02-10 11:56:32 +0000,Machine Row, 6,20.41168092460379,0.0,0.0,0.0,0.0,false,, 1.0
2026-02-10 11:56:32 +0000,Machine Row, 6,20.41168092460379,0.0,0.0,0.0,0.0,false,, 1.0
2026-02-10 11:56:32 +0000,Machine Row, 6,20.41168092460379,0.0,0.0,0.0,0.0,false,, 1.0
2026-02-10 11:56:32 +0000,Seated Back Extension, 12,22.67964547178199,0.0,0.0,0.0,0.0,false,, 1.0
2026-02-10 11:56:32 +0000,Seated Back Extension, 12,36.28738963043027,0.0,0.0,0.0,0.0,false,, 1.0
2026-02-10 11:56:32 +0000,Seated Back Extension, 12,45.35923703803783,0.0,0.0,0.0,0.0,false,, 1.0
2026-02-09 12:06:53 +0000,Walking - Treadmill, 0,0.0,720.0,0.0,0.0,0.0,false,, 0.0
2026-02-09 12:06:53 +0000,Machine Bench Press, 12,18.14371637742559,0.0,0.0,0.0,0.0,false,, 1.0
2026-02-09 12:06:53 +0000,Machine Bench Press, 12,18.14371637742559,0.0,0.0,0.0,0.0,false,, 1.0
2026-02-09 12:06:53 +0000,Machine Bench Press, 12,18.14371637742559,0.0,0.0,0.0,0.0,false,, 1.0
2026-02-09 12:06:53 +0000,Machine Shoulder Press, 12,11.339809259509458,0.0,0.0,0.0,0.0,false,, 1.0
2026-02-09 12:06:53 +0000,Machine Shoulder Press, 8,11.339809259509458,0.0,0.0,0.0,0.0,false,, 1.0
2026-02-09 12:06:53 +0000,Machine Shoulder Press, 8,11.339809259509458,0.0,0.0,0.0,0.0,false,, 1.0
2026-02-09 12:06:53 +0000,Machine Shoulder Press, 8,11.339809259509458,0.0,0.0,0.0,0.0,false,, 1.0
2026-02-09 12:06:53 +0000,Machine Tricep Dip, 10,27.215574566138386,0.0,0.0,0.0,0.0,false,, 1.0
2026-02-09 12:06:53 +0000,Machine Tricep Dip, 10,27.215574566138386,0.0,0.0,0.0,0.0,false,, 1.0
2026-02-09 12:06:53 +0000,Machine Tricep Dip, 10,27.215574566138386,0.0,0.0,0.0,0.0,false,, 1.0
2026-02-06 11:53:48 +0000,Machine Hip Abductor, 10,18.143694815215134,0.0,0.0,0.0,0.0,false,, 1.0
2026-02-06 11:53:48 +0000,Machine Hip Abductor, 10,18.143694815215134,0.0,0.0,0.0,0.0,false,, 1.0
2026-02-06 11:53:48 +0000,Machine Hip Abductor, 10,18.143694815215134,0.0,0.0,0.0,0.0,false,, 1.0
2026-02-06 11:53:48 +0000,Walking - Treadmill, 0,0.0,720.0,0.0,0.0,0.0,false,, 0.0
2026-02-06 11:53:48 +0000,Machine Hip Adductor, 11,13.607787283069193,0.0,0.0,0.0,0.0,false,, 1.0
2026-02-06 11:53:48 +0000,Machine Hip Adductor, 11,13.607787283069193,0.0,0.0,0.0,0.0,false,, 1.0
2026-02-06 11:53:48 +0000,Machine Hip Adductor, 11,13.607787283069193,0.0,0.0,0.0,0.0,false,, 1.0
2026-02-06 11:53:48 +0000,Machine Leg Press, 8,27.215542222822698,0.0,0.0,0.0,0.0,false,, 1.0
2026-02-06 11:53:48 +0000,Machine Leg Press, 8,36.28738963043027,0.0,0.0,0.0,0.0,false,, 1.0
2026-02-06 11:53:48 +0000,Machine Leg Press, 8,45.35923703803783,0.0,0.0,0.0,0.0,false,, 1.0
2026-02-06 11:53:48 +0000,Machine Leg Press, 8,45.35923703803783,0.0,0.0,0.0,0.0,false,, 1.0
2026-02-05 11:20:13 +0000,Walking, 0,0.0,760.8077869415283,870.6775080442894,0.0,0.0,false,, 0.0
2026-02-05 11:19:12 +0000,Walking - Treadmill, 0,0.0,720.0,0.0,0.0,0.0,false,, 0.0
2026-02-05 11:19:12 +0000,Machine Leg Press, 8,31.75150366049478,0.0,0.0,0.0,0.0,false,, 1.0
2026-02-05 11:19:12 +0000,Machine Leg Press, 8,31.75150366049478,0.0,0.0,0.0,0.0,false,, 1.0
2026-02-05 11:19:12 +0000,Machine Leg Press, 8,31.75150366049478,0.0,0.0,0.0,0.0,false,, 1.0
2026-02-05 11:19:12 +0000,Leg Raise, 4,0.0,0.0,0.0,0.0,0.0,false,, 1.0
2026-02-05 11:19:12 +0000,Leg Raise, 4,0.0,0.0,0.0,0.0,0.0,false,, 1.0
2026-02-05 11:19:12 +0000,Leg Raise, 4,0.0,0.0,0.0,0.0,0.0,false,, 1.0
2026-02-05 11:19:12 +0000,Leg Raise, 4,0.0,0.0,0.0,0.0,0.0,false,, 1.0
2026-02-05 11:19:12 +0000,Leg Raise, 4,0.0,0.0,0.0,0.0,0.0,false,, 1.0
2026-02-05 11:19:12 +0000,Machine Hip Adductor, 13,13.607787283069193,0.0,0.0,0.0,0.0,false,, 1.0
2026-02-05 11:19:12 +0000,Machine Hip Adductor, 13,13.607787283069193,0.0,0.0,0.0,0.0,false,, 1.0
2026-02-05 11:19:12 +0000,Machine Hip Adductor, 13,13.607787283069193,0.0,0.0,0.0,0.0,false,, 1.0
2026-02-04 12:17:34 +0000,Walking - Treadmill, 0,0.0,720.0,0.0,0.0,0.0,false,, 0.0
2026-02-04 12:17:34 +0000,Lat Pulldown, 10,20.41168092460379,0.0,0.0,0.0,0.0,false,, 1.0
2026-02-04 12:17:34 +0000,Lat Pulldown, 10,20.41168092460379,0.0,0.0,0.0,0.0,false,, 1.0
2026-02-04 12:17:34 +0000,Lat Pulldown, 10,20.41168092460379,0.0,0.0,0.0,0.0,false,, 1.0
2026-02-04 12:17:34 +0000,Lat Pulldown, 10,20.41168092460379,0.0,0.0,0.0,0.0,false,, 1.0
2026-02-04 12:17:34 +0000,Machine Bicep Curl, 8,10.205840462301895,0.0,0.0,0.0,0.0,false,, 1.0
2026-02-04 12:17:34 +0000,Machine Bicep Curl, 8,10.205840462301895,0.0,0.0,0.0,0.0,false,, 1.0
2026-02-04 12:17:34 +0000,Machine Bicep Curl, 8,10.205840462301895,0.0,0.0,0.0,0.0,false,, 1.0
2026-02-04 12:17:34 +0000,Machine Bicep Curl, 8,10.205840462301895,0.0,0.0,0.0,0.0,false,, 1.0
2026-02-04 12:17:34 +0000,Seated Back Extension, 8,20.41168092460379,0.0,0.0,0.0,0.0,false,, 1.0
2026-02-04 12:17:34 +0000,Seated Back Extension, 8,20.41168092460379,0.0,0.0,0.0,0.0,false,, 1.0
2026-02-04 12:17:34 +0000,Seated Back Extension, 8,20.41168092460379,0.0,0.0,0.0,0.0,false,, 1.0
2026-02-04 12:05:26 +0000,Walking, 0,0.0,743.1136660575867,900.771008157637,0.0,0.0,false,, 0.0
2026-02-03 12:20:40 +0000,Walking - Treadmill, 0,0.0,720.0,0.0,0.0,0.0,false,, 0.0
2026-02-03 12:20:40 +0000,Machine Bench Press, 9,18.14371637742559,0.0,0.0,0.0,0.0,false,, 1.0
2026-02-03 12:20:40 +0000,Machine Bench Press, 9,18.14371637742559,0.0,0.0,0.0,0.0,false,, 1.0
2026-02-03 12:20:40 +0000,Machine Bench Press, 9,18.14371637742559,0.0,0.0,0.0,0.0,false,, 1.0
2026-02-03 12:20:40 +0000,Machine Bench Press, 9,18.14371637742559,0.0,0.0,0.0,0.0,false,, 1.0
2026-02-03 12:20:40 +0000,Machine Shoulder Press, 10,9.071858188712795,0.0,0.0,0.0,0.0,false,, 1.0
2026-02-03 12:20:40 +0000,Machine Shoulder Press, 10,9.071858188712795,0.0,0.0,0.0,0.0,false,, 1.0
2026-02-03 12:20:40 +0000,Machine Shoulder Press, 10,9.071858188712795,0.0,0.0,0.0,0.0,false,, 1.0
2026-02-03 12:20:40 +0000,Machine Shoulder Press, 10,9.071858188712795,0.0,0.0,0.0,0.0,false,, 1.0
2026-02-03 12:20:40 +0000,Machine Fly, 9,20.41168092460379,0.0,0.0,0.0,0.0,false,, 1.0
2026-02-03 12:20:40 +0000,Machine Fly, 9,20.41168092460379,0.0,0.0,0.0,0.0,false,, 1.0
2026-02-03 12:20:40 +0000,Machine Fly, 9,20.41168092460379,0.0,0.0,0.0,0.0,false,, 1.0
2026-02-03 12:20:40 +0000,Machine Tricep Dip, 8,27.215574566138386,0.0,0.0,0.0,0.0,false,, 1.0
2026-02-03 12:20:40 +0000,Machine Tricep Dip, 8,27.215574566138386,0.0,0.0,0.0,0.0,false,, 1.0
2026-02-03 12:20:40 +0000,Machine Tricep Dip, 8,27.215574566138386,0.0,0.0,0.0,0.0,false,, 1.0
2026-02-03 12:20:09 +0000,Walking, 0,0.0,808.5928050279617,914.5293539282866,0.0,0.0,false,, 0.0
2026-01-30 22:56:24 +0000,Walking, 0,0.0,803.4835616350174,727.6133907091352,0.0,0.0,false,, 0.0
2026-01-27 12:51:25 +0000,Walking, 0,0.0,269.46970307826996,308.30350291728973,0.0,0.0,false,, 0.0